变更ID,产品ID,变更日期,变更类型,数量,当前库存,引用ID
1,14,2025-08-28,采购入库,91,587,PO000001
2,16,2025-08-25,采购入库,93,462,PO000002
3,11,2025-08-23,采购入库,32,432,PO000003
4,23,2025-08-09,采购入库,81,481,PO000004
5,23,2025-08-15,采购入库,88,569,PO000005
6,26,2025-08-31,采购入库,55,309,PO000006
7,8,2025-08-26,采购入库,95,225,PO000007
8,19,2025-08-14,采购入库,32,323,PO000008
9,13,2025-08-06,采购入库,49,221,PO000009
10,24,2025-08-29,采购入库,98,249,PO000010
11,10,2025-09-18,采购入库,26,201,PO000011
12,6,2025-08-12,采购入库,10,200,PO000012
13,23,2025-09-18,采购入库,83,652,PO000013
14,13,2025-08-15,采购入库,82,303,PO000014
15,2,2025-09-03,采购入库,33,236,PO000015
16,20,2025-09-18,采购入库,50,510,PO000016
17,30,2025-08-16,采购入库,88,562,PO000017
18,8,2025-09-10,采购入库,91,316,PO000018
19,19,2025-08-07,采购入库,23,346,PO000019
20,30,2025-09-12,采购入库,73,635,PO000020
21,5,2025-08-30,采购入库,52,519,PO000021
22,24,2025-08-31,采购入库,19,268,PO000022
23,8,2025-09-03,采购入库,54,370,PO000023
24,11,2025-08-01,采购入库,31,463,PO000024
25,21,2025-09-15,采购入库,21,460,PO000025
26,27,2025-09-21,采购入库,100,365,PO000026
27,22,2025-08-12,采购入库,91,393,PO000027
28,24,2025-08-19,采购入库,52,320,PO000028
29,15,2025-09-24,采购入库,11,167,PO000029
30,9,2025-07-30,采购入库,36,147,PO000030
31,8,2025-09-01,采购入库,98,468,PO000031
32,3,2025-09-19,采购入库,54,220,PO000032
33,9,2025-08-22,采购入库,23,170,PO000033
34,24,2025-08-29,采购入库,10,330,PO000034
35,2,2025-09-03,采购入库,59,295,PO000035
36,15,2025-09-26,采购入库,63,230,PO000036
37,6,2025-08-01,采购入库,62,262,PO000037
38,16,2025-09-25,采购入库,58,520,PO000038
39,12,2025-08-07,采购入库,79,539,PO000039
40,13,2025-08-20,采购入库,22,325,PO000040
41,27,2025-08-29,采购入库,71,436,PO000041
42,26,2025-08-17,采购入库,83,392,PO000042
43,21,2025-08-30,采购入库,97,557,PO000043
44,8,2025-08-06,采购入库,30,498,PO000044
45,15,2025-09-23,采购入库,19,249,PO000045
46,26,2025-08-29,采购入库,14,406,PO000046
47,10,2025-09-03,采购入库,12,213,PO000047
48,11,2025-09-19,采购入库,43,506,PO000048
49,4,2025-08-06,采购入库,19,293,PO000049
50,11,2025-09-17,采购入库,31,537,PO000050
51,29,2025-08-29,采购入库,58,238,PO000051
52,6,2025-09-14,采购入库,19,281,PO000052
53,18,2025-09-17,采购入库,21,158,PO000053
54,11,2025-09-10,采购入库,86,623,PO000054
55,20,2025-08-09,采购入库,71,581,PO000055
56,23,2025-09-07,采购入库,13,665,PO000056
57,14,2025-08-20,采购入库,93,680,PO000057
58,6,2025-08-27,采购入库,87,368,PO000058
59,29,2025-09-11,采购入库,65,303,PO000059
60,6,2025-07-30,采购入库,16,384,PO000060
61,4,2025-09-24,采购入库,52,345,PO000061
62,7,2025-08-18,采购入库,34,299,PO000062
63,14,2025-09-03,采购入库,99,779,PO000063
64,18,2025-09-25,采购入库,79,237,PO000064
65,9,2025-09-24,采购入库,94,264,PO000065
66,10,2025-09-18,采购入库,48,261,PO000066
67,8,2025-08-21,采购入库,22,520,PO000067
68,2,2025-08-22,采购入库,60,355,PO000068
69,19,2025-08-11,采购入库,80,426,PO000069
70,27,2025-08-10,采购入库,72,508,PO000070
71,5,2025-08-26,采购入库,16,535,PO000071
72,12,2025-09-17,采购入库,10,549,PO000072
73,14,2025-08-13,采购入库,21,800,PO000073
74,10,2025-08-28,采购入库,94,355,PO000074
75,21,2025-08-20,采购入库,86,643,PO000075
76,16,2025-07-31,采购入库,35,555,PO000076
77,4,2025-08-29,采购入库,13,358,PO000077
78,7,2025-08-07,采购入库,31,330,PO000078
79,21,2025-09-19,采购入库,47,690,PO000079
80,3,2025-08-25,采购入库,70,290,PO000080
81,28,2025-08-12,采购入库,24,193,PO000081
82,10,2025-09-27,采购入库,60,415,PO000082
83,16,2025-09-22,采购入库,72,627,PO000083
84,29,2025-08-23,采购入库,94,397,PO000084
85,9,2025-09-26,采购入库,21,285,PO000085
86,21,2025-08-26,采购入库,79,769,PO000086
87,13,2025-09-02,采购入库,33,358,PO000087
88,12,2025-08-10,采购入库,58,607,PO000088
89,12,2025-09-01,采购入库,33,640,PO000089
90,15,2025-08-13,采购入库,15,264,PO000090
91,9,2025-09-25,采购入库,66,351,PO000091
92,15,2025-08-23,采购入库,43,307,PO000092
93,8,2025-08-03,采购入库,44,564,PO000093
94,19,2025-08-15,采购入库,17,443,PO000094
95,5,2025-08-28,采购入库,99,634,PO000095
96,22,2025-09-08,采购入库,22,415,PO000096
97,3,2025-09-01,采购入库,95,385,PO000097
98,12,2025-09-20,采购入库,79,719,PO000098
99,14,2025-08-28,采购入库,85,885,PO000099
100,8,2025-09-22,采购入库,80,644,PO000100
101,2,2025-08-05,采购入库,59,414,PO000101
102,27,2025-09-26,采购入库,76,584,PO000102
103,14,2025-08-31,采购入库,78,963,PO000103
104,22,2025-08-24,采购入库,70,485,PO000104
105,19,2025-09-05,采购入库,40,483,PO000105
106,16,2025-08-12,采购入库,48,675,PO000106
107,3,2025-09-18,采购入库,60,445,PO000107
108,29,2025-08-15,采购入库,14,411,PO000108
109,17,2025-08-18,采购入库,83,369,PO000109
110,29,2025-09-10,采购入库,76,487,PO000110
111,26,2025-08-02,采购入库,83,489,PO000111
112,22,2025-08-15,采购入库,89,574,PO000112
113,5,2025-08-04,采购入库,25,659,PO000113
114,25,2025-09-20,采购入库,67,339,PO000114
115,6,2025-08-31,采购入库,31,415,PO000115
116,7,2025-09-09,采购入库,34,364,PO000116
117,5,2025-08-30,采购入库,15,674,PO000117
118,14,2025-09-17,采购入库,20,983,PO000118
119,22,2025-07-30,采购入库,65,639,PO000119
120,7,2025-08-22,采购入库,90,454,PO000120
121,5,2025-09-24,采购入库,86,760,PO000121
122,9,2025-09-03,采购入库,50,401,PO000122
123,30,2025-09-27,采购入库,18,653,PO000123
124,3,2025-08-25,采购入库,59,504,PO000124
125,18,2025-09-10,采购入库,60,297,PO000125
126,18,2025-08-05,采购入库,51,348,PO000126
127,28,2025-08-08,采购入库,45,238,PO000127
128,17,2025-09-20,采购入库,68,437,PO000128
129,30,2025-07-31,采购入库,11,664,PO000129
130,26,2025-09-02,采购入库,99,588,PO000130
131,20,2025-08-11,采购入库,85,666,PO000131
132,17,2025-07-31,采购入库,63,500,PO000132
133,4,2025-08-26,采购入库,63,421,PO000133
134,5,2025-08-31,采购入库,28,788,PO000134
135,19,2025-08-15,采购入库,85,568,PO000135
136,19,2025-09-18,采购入库,22,590,PO000136
137,30,2025-08-23,采购入库,23,687,PO000137
138,19,2025-09-04,采购入库,22,612,PO000138
139,26,2025-07-30,采购入库,46,634,PO000139
140,28,2025-08-03,采购入库,78,316,PO000140
141,29,2025-08-06,采购入库,54,541,PO000141
142,29,2025-09-20,采购入库,62,603,PO000142
143,9,2025-09-13,采购入库,59,460,PO000143
144,21,2025-09-11,采购入库,72,841,PO000144
145,19,2025-09-08,采购入库,87,699,PO000145
146,16,2025-08-28,采购入库,14,689,PO000146
147,6,2025-09-02,采购入库,45,460,PO000147
148,13,2025-08-26,采购入库,28,386,PO000148
149,20,2025-08-08,采购入库,87,753,PO000149
150,22,2025-08-22,采购入库,98,737,PO000150
151,24,2025-07-30,销售出库,-2,328,ORD000001
152,6,2025-07-31,销售出库,-1,459,ORD000001
153,5,2025-07-30,销售出库,-3,785,ORD000001
154,27,2025-08-10,销售出库,-1,583,ORD000002
155,9,2025-08-09,销售出库,-2,458,ORD000002
156,26,2025-08-09,销售出库,-2,632,ORD000002
157,5,2025-08-17,销售出库,-1,784,ORD000003
158,26,2025-08-08,销售出库,-2,630,ORD000004
159,15,2025-08-17,销售出库,-2,305,ORD000005
160,4,2025-09-12,销售出库,-3,418,ORD000006
161,8,2025-09-12,销售出库,-2,642,ORD000006
162,1,2025-09-13,销售出库,-3,411,ORD000006
163,21,2025-09-16,销售出库,-2,839,ORD000007
164,5,2025-08-19,销售出库,-1,783,ORD000008
165,4,2025-09-16,销售出库,-1,417,ORD000009
166,22,2025-09-17,销售出库,-3,734,ORD000010
167,23,2025-09-18,销售出库,-3,662,ORD000010
168,14,2025-09-18,销售出库,-3,980,ORD000010
169,27,2025-09-26,销售出库,-2,581,ORD000011
170,7,2025-09-11,销售出库,-2,452,ORD000012
171,15,2025-09-12,销售出库,-1,304,ORD000012
172,28,2025-09-11,销售出库,-2,314,ORD000012
173,29,2025-08-03,销售出库,-3,600,ORD000013
174,12,2025-08-04,销售出库,-1,718,ORD000013
175,13,2025-08-04,销售出库,-2,384,ORD000013
176,7,2025-08-04,销售出库,-1,451,ORD000013
177,28,2025-08-04,销售出库,-2,312,ORD000013
178,1,2025-09-02,销售出库,-1,410,ORD000014
179,26,2025-09-02,销售出库,-2,628,ORD000014
180,8,2025-09-02,销售出库,-1,641,ORD000014
181,26,2025-09-02,销售出库,-3,625,ORD000014
182,7,2025-09-03,销售出库,-1,450,ORD000014
183,11,2025-09-15,销售出库,-1,622,ORD000015
184,26,2025-09-15,销售出库,-3,622,ORD000015
185,18,2025-09-06,销售出库,-2,346,ORD000016
186,26,2025-09-07,销售出库,-1,621,ORD000016
187,1,2025-08-13,销售出库,-2,408,ORD000017
188,26,2025-08-12,销售出库,-1,620,ORD000017
189,2,2025-09-27,销售出库,-1,413,ORD000018
190,24,2025-09-28,销售出库,-2,326,ORD000018
191,17,2025-09-28,销售出库,-1,499,ORD000018
192,17,2025-08-02,销售出库,-3,496,ORD000019
193,4,2025-08-01,销售出库,-2,415,ORD000019
194,17,2025-08-02,销售出库,-1,495,ORD000019
195,10,2025-08-19,销售出库,-2,413,ORD000020
196,21,2025-08-19,销售出库,-1,838,ORD000020
197,2,2025-08-19,销售出库,-2,411,ORD000020
198,28,2025-08-18,销售出库,-2,310,ORD000020
199,14,2025-08-18,销售出库,-3,977,ORD000020
200,3,2025-08-07,销售出库,-1,503,ORD000021
201,11,2025-08-08,销售出库,-3,619,ORD000021
202,5,2025-08-07,销售出库,-1,782,ORD000021
203,5,2025-08-07,销售出库,-2,780,ORD000021
204,10,2025-09-20,销售出库,-2,411,ORD000022
205,17,2025-09-20,销售出库,-3,492,ORD000022
206,14,2025-09-19,销售出库,-1,976,ORD000022
207,26,2025-09-20,销售出库,-3,617,ORD000022
208,4,2025-09-20,销售出库,-3,412,ORD000022
209,14,2025-09-01,销售出库,-2,974,ORD000023
210,27,2025-08-31,销售出库,-2,579,ORD000023
211,11,2025-08-23,销售出库,-2,617,ORD000024
212,5,2025-08-18,销售出库,-3,777,ORD000025
213,30,2025-08-19,销售出库,-2,685,ORD000025
214,3,2025-08-19,销售出库,-1,502,ORD000025
215,24,2025-09-10,销售出库,-3,323,ORD000026
216,19,2025-09-20,销售出库,-3,696,ORD000027
217,12,2025-08-06,销售出库,-3,715,ORD000028
218,25,2025-08-07,销售出库,-2,337,ORD000028
219,28,2025-08-07,销售出库,-3,307,ORD000028
220,2,2025-08-07,销售出库,-2,409,ORD000028
221,17,2025-08-21,销售出库,-1,491,ORD000029
222,5,2025-08-22,销售出库,-3,774,ORD000029
223,16,2025-08-22,销售出库,-1,688,ORD000029
224,28,2025-08-22,销售出库,-1,306,ORD000029
225,12,2025-08-22,销售出库,-3,712,ORD000029
226,19,2025-08-11,销售出库,-1,695,ORD000030
227,26,2025-08-10,销售出库,-2,615,ORD000030
228,28,2025-08-11,销售出库,-3,303,ORD000030
229,1,2025-09-12,销售出库,-1,407,ORD000031
230,9,2025-09-12,销售出库,-3,455,ORD000031
231,25,2025-09-12,销售出库,-2,335,ORD000031
232,28,2025-09-01,销售出库,-1,302,ORD000032
233,19,2025-09-01,销售出库,-3,692,ORD000032
234,3,2025-09-20,销售出库,-3,499,ORD000033
235,11,2025-08-25,销售出库,-1,616,ORD000034
236,12,2025-08-24,销售出库,-2,710,ORD000034
237,24,2025-08-24,销售出库,-2,321,ORD000034
238,25,2025-08-25,销售出库,-3,332,ORD000034
239,25,2025-09-15,销售出库,-3,329,ORD000035
240,2,2025-09-16,销售出库,-3,406,ORD000035
241,16,2025-08-31,销售出库,-3,685,ORD000036
242,15,2025-09-01,销售出库,-2,302,ORD000036
243,9,2025-09-01,销售出库,-1,454,ORD000036
244,25,2025-09-01,销售出库,-3,326,ORD000036
245,10,2025-09-01,销售出库,-3,408,ORD000037
246,2,2025-09-08,销售出库,-1,405,ORD000038
247,13,2025-09-09,销售出库,-3,381,ORD000038
248,2,2025-09-08,销售出库,-1,404,ORD000038
249,25,2025-08-28,销售出库,-2,324,ORD000039
250,10,2025-08-27,销售出库,-2,406,ORD000039
251,6,2025-08-11,销售出库,-1,458,ORD000040
252,13,2025-08-11,销售出库,-3,378,ORD000040
253,23,2025-08-11,销售出库,-1,661,ORD000040
254,17,2025-08-11,销售出库,-3,488,ORD000040
255,14,2025-07-31,销售出库,-1,973,ORD000041
256,14,2025-08-01,销售出库,-3,970,ORD000042
257,13,2025-08-01,销售出库,-3,375,ORD000042
258,21,2025-07-31,销售出库,-2,836,ORD000042
259,10,2025-07-31,销售出库,-1,405,ORD000042
260,13,2025-08-01,销售出库,-1,374,ORD000042
261,27,2025-09-02,销售出库,-3,576,ORD000043
262,30,2025-09-02,销售出库,-2,683,ORD000043
263,3,2025-09-02,销售出库,-2,497,ORD000043
264,28,2025-09-01,销售出库,-1,301,ORD000043
265,17,2025-09-11,销售出库,-1,487,ORD000044
266,13,2025-09-11,销售出库,-2,372,ORD000044
267,24,2025-09-12,销售出库,-2,319,ORD000044
268,8,2025-09-12,销售出库,-2,639,ORD000044
269,17,2025-09-13,销售出库,-3,484,ORD000045
270,8,2025-09-13,销售出库,-1,638,ORD000046
271,5,2025-09-14,销售出库,-2,772,ORD000046
272,25,2025-09-02,销售出库,-3,321,ORD000047
273,3,2025-09-03,销售出库,-1,496,ORD000047
274,25,2025-09-04,销售出库,-3,318,ORD000048
275,15,2025-09-05,销售出库,-3,299,ORD000048
276,30,2025-09-05,销售出库,-3,680,ORD000048
277,21,2025-09-04,销售出库,-3,833,ORD000048
278,20,2025-09-04,销售出库,-2,751,ORD000048
279,16,2025-09-02,销售出库,-2,683,ORD000049
280,12,2025-09-07,销售出库,-3,707,ORD000050
281,2,2025-08-18,销售出库,-1,403,ORD000051
282,12,2025-08-17,销售出库,-2,705,ORD000051
283,3,2025-08-18,销售出库,-3,493,ORD000051
284,28,2025-08-17,销售出库,-1,300,ORD000051
285,26,2025-09-01,销售出库,-3,612,ORD000052
286,29,2025-08-31,销售出库,-1,599,ORD000052
287,15,2025-09-01,销售出库,-3,296,ORD000052
288,21,2025-08-31,销售出库,-1,832,ORD000052
289,11,2025-09-01,销售出库,-3,613,ORD000052
290,15,2025-08-31,销售出库,-1,295,ORD000053
291,21,2025-08-23,销售出库,-1,831,ORD000054
292,2,2025-08-24,销售出库,-1,402,ORD000054
293,23,2025-08-23,销售出库,-2,659,ORD000054
294,15,2025-08-24,销售出库,-3,292,ORD000054
295,17,2025-08-24,销售出库,-3,481,ORD000054
296,13,2025-09-05,销售出库,-2,370,ORD000055
297,25,2025-09-06,销售出库,-2,316,ORD000055
298,22,2025-09-05,销售出库,-3,731,ORD000055
299,3,2025-08-13,销售出库,-2,491,ORD000056
300,4,2025-08-12,销售出库,-3,409,ORD000056
301,22,2025-08-13,销售出库,-2,729,ORD000056
302,28,2025-08-03,销售出库,-1,299,ORD000057
303,11,2025-08-02,销售出库,-1,612,ORD000057
304,19,2025-08-03,销售出库,-3,689,ORD000057
305,5,2025-08-03,销售出库,-2,770,ORD000057
306,10,2025-08-03,销售出库,-3,402,ORD000057
307,10,2025-09-07,销售出库,-3,399,ORD000058
308,22,2025-08-14,销售出库,-3,726,ORD000059
309,27,2025-08-15,销售出库,-3,573,ORD000059
310,17,2025-08-26,销售出库,-2,479,ORD000060
311,1,2025-08-26,销售出库,-2,405,ORD000060
312,10,2025-08-25,销售出库,-1,398,ORD000060
313,7,2025-08-25,销售出库,-2,448,ORD000060
314,5,2025-09-25,销售出库,-1,769,ORD000061
315,10,2025-09-25,销售出库,-1,397,ORD000061
316,5,2025-08-08,销售出库,-3,766,ORD000062
317,13,2025-08-08,销售出库,-1,369,ORD000062
318,6,2025-08-08,销售出库,-1,457,ORD000062
319,27,2025-08-08,销售出库,-3,570,ORD000062
320,25,2025-08-07,销售出库,-3,313,ORD000062
321,14,2025-09-08,销售出库,-2,968,ORD000063
322,25,2025-09-07,销售出库,-3,310,ORD000064
323,26,2025-09-06,销售出库,-2,610,ORD000064
324,8,2025-09-06,销售出库,-3,635,ORD000064
325,12,2025-08-11,销售出库,-3,702,ORD000065
326,19,2025-08-12,销售出库,-2,687,ORD000065
327,17,2025-08-30,销售出库,-3,476,ORD000066
328,14,2025-08-31,销售出库,-1,967,ORD000066
329,27,2025-08-31,销售出库,-1,569,ORD000066
330,26,2025-08-30,销售出库,-3,607,ORD000066
331,28,2025-09-09,销售出库,-2,297,ORD000067
332,18,2025-09-08,销售出库,-1,345,ORD000067
333,23,2025-09-09,销售出库,-3,656,ORD000067
334,28,2025-09-09,销售出库,-1,296,ORD000067
335,9,2025-08-31,销售出库,-2,452,ORD000068
336,29,2025-08-31,销售出库,-3,596,ORD000068
337,27,2025-09-15,销售出库,-2,567,ORD000069
338,29,2025-09-14,销售出库,-2,594,ORD000069
339,17,2025-09-12,销售出库,-2,474,ORD000070
340,8,2025-09-13,销售出库,-2,633,ORD000070
341,3,2025-09-13,销售出库,-2,489,ORD000070
342,8,2025-09-12,销售出库,-1,632,ORD000070
343,26,2025-08-14,销售出库,-1,606,ORD000071
344,5,2025-08-14,销售出库,-1,765,ORD000071
345,10,2025-08-14,销售出库,-2,395,ORD000071
346,20,2025-09-10,销售出库,-1,750,ORD000072
347,29,2025-09-11,销售出库,-1,593,ORD000072
348,1,2025-09-10,销售出库,-2,403,ORD000072
349,7,2025-09-11,销售出库,-1,447,ORD000072
350,8,2025-09-03,销售出库,-2,630,ORD000073
351,4,2025-09-04,销售出库,-1,408,ORD000073
352,8,2025-09-04,销售出库,-2,628,ORD000073
353,20,2025-09-27,销售出库,-3,747,ORD000074
354,1,2025-09-26,销售出库,-3,400,ORD000074
355,17,2025-09-26,销售出库,-3,471,ORD000074
356,8,2025-09-26,销售出库,-3,625,ORD000074
357,20,2025-09-19,销售出库,-2,745,ORD000075
358,22,2025-08-15,销售出库,-3,723,ORD000076
359,3,2025-08-15,销售出库,-3,486,ORD000076
360,17,2025-07-31,销售出库,-3,468,ORD000077
361,18,2025-08-01,销售出库,-1,344,ORD000077
362,13,2025-07-31,销售出库,-2,367,ORD000077
363,2,2025-08-01,销售出库,-3,399,ORD000077
364,13,2025-08-01,销售出库,-2,365,ORD000077
365,26,2025-08-09,销售出库,-1,605,ORD000078
366,12,2025-08-10,销售出库,-1,701,ORD000078
367,24,2025-08-10,销售出库,-3,316,ORD000078
368,5,2025-09-24,销售出库,-1,764,ORD000079
369,12,2025-09-24,销售出库,-3,698,ORD000079
370,11,2025-09-23,销售出库,-3,609,ORD000079
371,21,2025-08-28,销售出库,-1,830,ORD000080
372,26,2025-08-29,销售出库,-1,604,ORD000080
373,3,2025-08-29,销售出库,-3,483,ORD000080
374,25,2025-08-28,销售出库,-2,308,ORD000080
375,26,2025-08-25,销售出库,-1,603,ORD000081
376,13,2025-09-23,销售出库,-3,362,ORD000082
377,16,2025-09-23,销售出库,-2,681,ORD000082
378,2,2025-09-23,销售出库,-3,396,ORD000082
379,7,2025-09-23,销售出库,-2,445,ORD000082
380,12,2025-09-23,销售出库,-1,697,ORD000082
381,14,2025-08-08,销售出库,-2,965,ORD000083
382,24,2025-08-08,销售出库,-2,314,ORD000083
383,29,2025-08-08,销售出库,-2,591,ORD000083
384,12,2025-09-15,销售出库,-3,694,ORD000084
385,9,2025-09-15,销售出库,-1,451,ORD000084
386,24,2025-09-16,销售出库,-2,312,ORD000084
387,3,2025-09-15,销售出库,-2,481,ORD000084
388,4,2025-08-14,销售出库,-1,407,ORD000085
389,11,2025-08-14,销售出库,-3,606,ORD000085
390,10,2025-08-14,销售出库,-2,393,ORD000085
391,6,2025-09-15,销售出库,-3,454,ORD000086
392,15,2025-09-16,销售出库,-2,290,ORD000086
393,15,2025-09-16,销售出库,-1,289,ORD000086
394,24,2025-09-16,销售出库,-2,310,ORD000086
395,3,2025-08-13,销售出库,-3,478,ORD000087
396,1,2025-08-15,销售出库,-1,399,ORD000088
397,28,2025-08-14,销售出库,-3,293,ORD000088
398,8,2025-07-30,销售出库,-3,622,ORD000089
399,2,2025-08-11,销售出库,-3,393,ORD000090
400,5,2025-08-11,销售出库,-3,761,ORD000090
401,15,2025-08-10,销售出库,-2,287,ORD000090
402,12,2025-08-11,销售出库,-2,692,ORD000090
403,25,2025-08-11,销售出库,-1,307,ORD000090
404,11,2025-09-08,销售出库,-3,603,ORD000091
405,9,2025-09-09,销售出库,-1,450,ORD000091
406,4,2025-09-08,销售出库,-1,406,ORD000091
407,24,2025-09-08,销售出库,-1,309,ORD000091
408,4,2025-09-02,销售出库,-2,404,ORD000092
409,25,2025-09-03,销售出库,-2,305,ORD000092
410,23,2025-09-03,销售出库,-2,654,ORD000092
411,7,2025-09-02,销售出库,-3,442,ORD000092
412,10,2025-09-02,销售出库,-3,390,ORD000092
413,28,2025-08-02,销售出库,-1,292,ORD000093
414,15,2025-08-02,销售出库,-1,286,ORD000093
415,22,2025-09-27,销售出库,-2,721,ORD000094
416,23,2025-09-27,销售出库,-1,653,ORD000094
417,18,2025-09-27,销售出库,-3,341,ORD000094
418,26,2025-08-04,销售出库,-2,601,ORD000095
419,17,2025-08-04,销售出库,-1,467,ORD000095
420,26,2025-08-26,销售出库,-2,599,ORD000096
421,1,2025-08-27,销售出库,-2,397,ORD000096
422,20,2025-09-12,销售出库,-1,744,ORD000097
423,3,2025-09-11,销售出库,-2,476,ORD000097
424,17,2025-08-18,销售出库,-2,465,ORD000098
425,25,2025-08-19,销售出库,-2,303,ORD000098
426,27,2025-08-18,销售出库,-3,564,ORD000098
427,3,2025-08-18,销售出库,-1,475,ORD000098
428,15,2025-09-17,销售出库,-3,283,ORD000099
429,17,2025-09-18,销售出库,-2,463,ORD000099
430,5,2025-09-18,销售出库,-3,758,ORD000099
431,21,2025-09-17,销售出库,-3,827,ORD000099
432,30,2025-09-25,销售出库,-1,679,ORD000100
433,27,2025-09-26,销售出库,-1,563,ORD000100
434,17,2025-09-26,销售出库,-1,462,ORD000100
435,10,2025-09-26,销售出库,-1,389,ORD000100
436,6,2025-09-26,销售出库,-2,452,ORD000100
437,28,2025-08-13,销售出库,-1,291,ORD000101
438,9,2025-08-13,销售出库,-1,449,ORD000101
439,21,2025-08-12,销售出库,-3,824,ORD000101
440,20,2025-09-04,销售出库,-3,741,ORD000102
441,3,2025-09-04,销售出库,-3,472,ORD000102
442,21,2025-09-05,销售出库,-1,823,ORD000102
443,24,2025-09-19,销售出库,-3,306,ORD000103
444,11,2025-09-19,销售出库,-3,600,ORD000103
445,2,2025-09-19,销售出库,-1,392,ORD000103
446,3,2025-09-19,销售出库,-1,471,ORD000103
447,21,2025-09-18,销售出库,-3,820,ORD000103
448,14,2025-08-03,销售出库,-3,962,ORD000104
449,21,2025-08-02,销售出库,-1,819,ORD000104
450,16,2025-08-02,销售出库,-3,678,ORD000104
451,18,2025-08-03,销售出库,-2,339,ORD000104
452,21,2025-08-03,销售出库,-2,817,ORD000104
453,10,2025-08-23,销售出库,-2,387,ORD000105
454,3,2025-08-24,销售出库,-3,468,ORD000105
455,2,2025-08-23,销售出库,-1,391,ORD000105
456,15,2025-08-23,销售出库,-2,281,ORD000105
457,20,2025-09-26,销售出库,-1,740,ORD000106
458,11,2025-09-27,销售出库,-3,597,ORD000106
459,11,2025-09-26,销售出库,-3,594,ORD000106
460,17,2025-09-04,销售出库,-3,459,ORD000107
461,4,2025-09-04,销售出库,-2,402,ORD000107
462,8,2025-09-04,销售出库,-2,620,ORD000107
463,5,2025-09-17,销售出库,-1,757,ORD000108
464,2,2025-09-18,销售出库,-2,389,ORD000108
465,28,2025-08-02,销售出库,-1,290,ORD000109
466,27,2025-08-02,销售出库,-2,561,ORD000109
467,16,2025-08-12,销售出库,-3,675,ORD000110
468,15,2025-08-12,销售出库,-2,279,ORD000110
469,13,2025-09-23,销售出库,-3,359,ORD000111
470,12,2025-08-15,销售出库,-1,691,ORD000112
471,2,2025-08-15,销售出库,-2,387,ORD000112
472,16,2025-08-15,销售出库,-3,672,ORD000112
473,29,2025-08-14,销售出库,-3,588,ORD000112
474,22,2025-08-14,销售出库,-2,719,ORD000112
475,14,2025-09-26,销售出库,-1,961,ORD000113
476,12,2025-09-16,销售出库,-1,690,ORD000114
477,13,2025-09-15,销售出库,-1,358,ORD000114
478,19,2025-09-16,销售出库,-3,684,ORD000114
479,7,2025-09-15,销售出库,-2,440,ORD000114
480,15,2025-07-30,销售出库,-3,276,ORD000115
481,9,2025-07-31,销售出库,-3,446,ORD000115
482,22,2025-07-30,销售出库,-3,716,ORD000115
483,4,2025-07-30,销售出库,-1,401,ORD000115
484,4,2025-07-30,销售出库,-2,399,ORD000115
485,25,2025-09-03,销售出库,-1,302,ORD000116
486,7,2025-09-02,销售出库,-3,437,ORD000116
487,17,2025-09-03,销售出库,-2,457,ORD000116
488,23,2025-08-02,销售出库,-2,651,ORD000117
489,26,2025-08-02,销售出库,-2,597,ORD000117
490,5,2025-08-09,销售出库,-2,755,ORD000118
491,30,2025-08-08,销售出库,-3,676,ORD000118
492,11,2025-08-09,销售出库,-1,593,ORD000118
493,13,2025-08-08,销售出库,-3,355,ORD000118
494,24,2025-08-08,销售出库,-2,304,ORD000118
495,16,2025-08-22,销售出库,-3,669,ORD000119
496,19,2025-08-21,销售出库,-2,682,ORD000119
497,16,2025-08-22,销售出库,-1,668,ORD000119
498,12,2025-08-21,销售出库,-2,688,ORD000119
499,22,2025-08-21,销售出库,-1,715,ORD000119
500,20,2025-09-05,销售出库,-2,738,ORD000120
501,19,2025-08-03,销售出库,-1,681,ORD000121
502,24,2025-08-04,销售出库,-1,303,ORD000121
503,19,2025-08-04,销售出库,-2,679,ORD000121
504,6,2025-08-04,销售出库,-3,449,ORD000121
505,21,2025-08-03,销售出库,-3,814,ORD000121
506,2,2025-09-08,销售出库,-3,384,ORD000122
507,23,2025-09-08,销售出库,-1,650,ORD000122
508,14,2025-09-03,销售出库,-1,960,ORD000123
509,14,2025-09-02,销售出库,-3,957,ORD000123
510,7,2025-09-03,销售出库,-2,435,ORD000123
511,23,2025-07-30,销售出库,-1,649,ORD000124
512,17,2025-09-27,销售出库,-2,455,ORD000125
513,11,2025-09-26,销售出库,-1,592,ORD000125
514,15,2025-09-26,销售出库,-3,273,ORD000125
515,11,2025-09-26,销售出库,-3,589,ORD000125
516,20,2025-08-22,销售出库,-2,736,ORD000126
517,7,2025-08-23,销售出库,-1,434,ORD000126
518,9,2025-08-23,销售出库,-3,443,ORD000126
519,23,2025-08-09,销售出库,-1,648,ORD000127
520,23,2025-08-10,销售出库,-3,645,ORD000127
521,16,2025-08-10,销售出库,-2,666,ORD000127
522,10,2025-09-04,销售出库,-1,386,ORD000128
523,19,2025-09-05,销售出库,-3,676,ORD000128
524,18,2025-09-05,销售出库,-2,337,ORD000128
525,10,2025-08-03,销售出库,-1,385,ORD000129
526,10,2025-08-04,销售出库,-3,382,ORD000129
527,24,2025-08-21,销售出库,-2,301,ORD000130
528,7,2025-08-22,销售出库,-1,433,ORD000130
529,27,2025-08-22,销售出库,-3,558,ORD000130
530,5,2025-08-21,销售出库,-1,754,ORD000131
531,20,2025-08-22,销售出库,-3,733,ORD000131
532,19,2025-08-21,销售出库,-1,675,ORD000131
533,8,2025-09-08,销售出库,-3,617,ORD000132
534,8,2025-09-07,销售出库,-1,616,ORD000132
535,4,2025-09-07,销售出库,-2,397,ORD000132
536,11,2025-09-08,销售出库,-3,586,ORD000132
537,16,2025-09-07,销售出库,-1,665,ORD000132
538,14,2025-08-19,销售出库,-3,954,ORD000133
539,30,2025-08-19,销售出库,-2,674,ORD000133
540,11,2025-08-16,销售出库,-2,584,ORD000134
541,21,2025-08-16,销售出库,-1,813,ORD000134
542,30,2025-08-17,销售出库,-1,673,ORD000134
543,30,2025-09-07,销售出库,-1,672,ORD000135
544,26,2025-08-22,销售出库,-2,595,ORD000136
545,6,2025-08-22,销售出库,-3,446,ORD000136
546,28,2025-08-22,销售出库,-2,288,ORD000136
547,29,2025-08-22,销售出库,-1,587,ORD000136
548,4,2025-08-03,销售出库,-2,395,ORD000137
549,10,2025-08-02,销售出库,-2,380,ORD000137
550,21,2025-08-02,销售出库,-3,810,ORD000137
551,17,2025-08-02,销售出库,-2,453,ORD000137
552,29,2025-08-03,销售出库,-1,586,ORD000137
553,11,2025-08-24,销售出库,-1,583,ORD000138
554,1,2025-08-14,销售出库,-3,394,ORD000139
555,11,2025-08-14,销售出库,-2,581,ORD000139
556,27,2025-08-22,销售出库,-2,556,ORD000140
557,17,2025-08-23,销售出库,-2,451,ORD000140
558,3,2025-08-22,销售出库,-2,466,ORD000140
559,22,2025-08-23,销售出库,-1,714,ORD000140
560,30,2025-08-28,销售出库,-1,671,ORD000141
561,1,2025-08-28,销售出库,-2,392,ORD000141
562,13,2025-08-27,销售出库,-1,354,ORD000141
563,19,2025-09-07,销售出库,-3,672,ORD000142
564,19,2025-09-07,销售出库,-1,671,ORD000142
565,9,2025-09-08,销售出库,-3,440,ORD000142
566,22,2025-08-10,销售出库,-1,713,ORD000143
567,22,2025-08-03,销售出库,-3,710,ORD000144
568,30,2025-08-02,销售出库,-3,668,ORD000144
569,25,2025-08-02,销售出库,-2,300,ORD000144
570,23,2025-08-02,销售出库,-1,644,ORD000144
571,8,2025-08-29,销售出库,-1,615,ORD000145
572,16,2025-08-30,销售出库,-1,664,ORD000145
573,14,2025-08-14,销售出库,-3,951,ORD000146
574,18,2025-08-13,销售出库,-2,335,ORD000146
575,25,2025-08-14,销售出库,-3,297,ORD000146
576,28,2025-09-24,销售出库,-1,287,ORD000147
577,17,2025-09-24,销售出库,-2,449,ORD000147
578,17,2025-09-25,销售出库,-3,446,ORD000147
579,12,2025-09-25,销售出库,-1,687,ORD000147
580,30,2025-09-24,销售出库,-3,665,ORD000147
581,7,2025-09-19,销售出库,-3,430,ORD000148
582,18,2025-09-19,销售出库,-1,334,ORD000148
583,6,2025-09-19,销售出库,-2,444,ORD000148
584,28,2025-09-19,销售出库,-3,284,ORD000148
585,15,2025-09-19,销售出库,-1,272,ORD000148
586,3,2025-08-27,销售出库,-3,463,ORD000149
587,15,2025-08-26,销售出库,-1,271,ORD000149
588,15,2025-08-27,销售出库,-1,270,ORD000149
589,17,2025-08-27,销售出库,-2,444,ORD000149
590,15,2025-08-28,销售出库,-3,267,ORD000150
591,26,2025-08-28,销售出库,-2,593,ORD000150
592,24,2025-08-27,销售出库,-1,300,ORD000150
593,13,2025-08-28,销售出库,-2,352,ORD000150
594,27,2025-08-27,销售出库,-1,555,ORD000150
595,14,2025-09-07,销售出库,-2,949,ORD000151
596,30,2025-08-23,销售出库,-2,663,ORD000152
597,25,2025-09-13,销售出库,-1,296,ORD000153
598,25,2025-09-14,销售出库,-3,293,ORD000153
599,28,2025-08-07,销售出库,-2,282,ORD000154
600,13,2025-08-06,销售出库,-1,351,ORD000154
601,22,2025-08-06,销售出库,-3,707,ORD000154
602,28,2025-08-06,销售出库,-3,279,ORD000154
603,6,2025-08-22,销售出库,-3,441,ORD000155
604,27,2025-09-08,销售出库,-1,554,ORD000156
605,25,2025-09-09,销售出库,-1,292,ORD000156
606,14,2025-08-20,销售出库,-3,946,ORD000157
607,13,2025-08-20,销售出库,-1,350,ORD000157
608,8,2025-08-19,销售出库,-2,613,ORD000157
609,12,2025-08-19,销售出库,-1,686,ORD000157
610,9,2025-08-19,销售出库,-1,439,ORD000157
611,20,2025-08-27,销售出库,-1,732,ORD000158
612,8,2025-08-27,销售出库,-1,612,ORD000158
613,3,2025-08-28,销售出库,-1,462,ORD000158
614,20,2025-08-28,销售出库,-1,731,ORD000158
615,8,2025-09-10,销售出库,-3,609,ORD000159
616,18,2025-08-17,销售出库,-1,333,ORD000160
617,25,2025-08-17,销售出库,-1,291,ORD000160
618,27,2025-09-04,销售出库,-3,551,ORD000161
619,19,2025-09-03,销售出库,-2,669,ORD000161
620,22,2025-08-08,销售出库,-3,704,ORD000162
621,8,2025-08-08,销售出库,-2,607,ORD000162
622,19,2025-08-19,销售出库,-3,666,ORD000163
623,30,2025-08-20,销售出库,-1,662,ORD000163
624,21,2025-08-20,销售出库,-3,807,ORD000163
625,14,2025-08-19,销售出库,-3,943,ORD000163
626,16,2025-08-20,销售出库,-1,663,ORD000163
627,26,2025-09-04,销售出库,-3,590,ORD000164
628,11,2025-09-04,销售出库,-3,578,ORD000164
629,14,2025-09-04,销售出库,-2,941,ORD000164
630,5,2025-09-03,销售出库,-2,752,ORD000164
631,16,2025-08-31,销售出库,-1,662,ORD000165
632,28,2025-09-01,销售出库,-1,278,ORD000165
633,10,2025-08-31,销售出库,-3,377,ORD000165
634,5,2025-08-31,销售出库,-2,750,ORD000165
635,30,2025-08-31,销售出库,-1,661,ORD000165
636,5,2025-08-08,销售出库,-2,748,ORD000166
637,8,2025-08-08,销售出库,-2,605,ORD000166
638,7,2025-08-09,销售出库,-2,428,ORD000166
639,21,2025-08-09,销售出库,-1,806,ORD000166
640,30,2025-08-08,销售出库,-2,659,ORD000166
641,2,2025-07-31,销售出库,-2,382,ORD000167
642,13,2025-08-01,销售出库,-3,347,ORD000167
643,24,2025-08-22,销售出库,-3,297,ORD000168
644,18,2025-08-21,销售出库,-1,332,ORD000168
645,16,2025-08-22,销售出库,-1,661,ORD000168
646,28,2025-08-21,销售出库,-2,276,ORD000168
647,10,2025-08-22,销售出库,-1,376,ORD000168
648,24,2025-09-12,销售出库,-2,295,ORD000169
649,13,2025-08-01,销售出库,-1,346,ORD000170
650,18,2025-08-02,销售出库,-2,330,ORD000170
651,21,2025-08-07,销售出库,-2,804,ORD000171
652,10,2025-08-06,销售出库,-2,374,ORD000171
653,12,2025-08-07,销售出库,-3,683,ORD000171
654,29,2025-08-07,销售出库,-2,584,ORD000171
655,15,2025-08-06,销售出库,-1,266,ORD000171
656,11,2025-08-18,销售出库,-2,576,ORD000172
657,2,2025-08-18,销售出库,-3,379,ORD000172
658,28,2025-08-17,销售出库,-1,275,ORD000172
659,30,2025-08-30,销售出库,-3,656,ORD000173
660,19,2025-08-30,销售出库,-3,663,ORD000173
661,14,2025-08-30,销售出库,-2,939,ORD000173
662,5,2025-08-29,销售出库,-1,747,ORD000173
663,11,2025-08-30,销售出库,-1,575,ORD000173
664,18,2025-09-17,销售出库,-3,327,ORD000174
665,22,2025-09-17,销售出库,-2,702,ORD000174
666,9,2025-09-16,销售出库,-2,437,ORD000174
667,24,2025-09-16,销售出库,-3,292,ORD000174
668,6,2025-09-11,销售出库,-1,440,ORD000175
669,24,2025-09-12,销售出库,-3,289,ORD000175
670,16,2025-09-11,销售出库,-1,660,ORD000175
671,27,2025-09-01,销售出库,-3,548,ORD000176
672,27,2025-09-27,销售出库,-3,545,ORD000177
673,8,2025-09-26,销售出库,-1,604,ORD000177
674,15,2025-09-25,销售出库,-2,264,ORD000178
675,2,2025-09-25,销售出库,-3,376,ORD000178
676,21,2025-09-25,销售出库,-3,801,ORD000178
677,30,2025-09-25,销售出库,-3,653,ORD000178
678,30,2025-09-25,销售出库,-2,651,ORD000178
679,18,2025-09-12,销售出库,-2,325,ORD000179
680,1,2025-09-11,销售出库,-1,391,ORD000179
681,17,2025-09-11,销售出库,-3,441,ORD000179
682,9,2025-09-11,销售出库,-3,434,ORD000179
683,10,2025-09-12,销售出库,-1,373,ORD000179
684,17,2025-09-08,销售出库,-1,440,ORD000180
685,9,2025-08-23,销售出库,-2,432,ORD000181
686,9,2025-08-24,销售出库,-2,430,ORD000181
687,3,2025-08-23,销售出库,-2,460,ORD000181
688,13,2025-08-24,销售出库,-2,344,ORD000181
689,19,2025-08-24,销售出库,-1,662,ORD000181
690,21,2025-08-15,销售出库,-3,798,ORD000182
691,13,2025-08-10,销售出库,-3,341,ORD000183
692,16,2025-08-10,销售出库,-1,659,ORD000183
693,21,2025-08-10,销售出库,-1,797,ORD000183
694,23,2025-08-11,销售出库,-1,643,ORD000183
695,19,2025-09-26,销售出库,-1,661,ORD000184
696,29,2025-09-26,销售出库,-3,581,ORD000184
697,30,2025-09-26,销售出库,-1,650,ORD000184
698,16,2025-09-12,销售出库,-2,657,ORD000185
699,2,2025-09-12,销售出库,-1,375,ORD000185
700,22,2025-09-11,销售出库,-2,700,ORD000185
701,29,2025-09-11,销售出库,-3,578,ORD000185
702,19,2025-09-11,销售出库,-3,658,ORD000185
703,7,2025-08-01,销售出库,-3,425,ORD000186
704,10,2025-08-28,销售出库,-1,372,ORD000187
705,11,2025-08-24,销售出库,-2,573,ORD000188
706,25,2025-08-25,销售出库,-3,288,ORD000188
707,5,2025-08-25,销售出库,-3,744,ORD000188
708,24,2025-08-24,销售出库,-1,288,ORD000188
709,17,2025-08-25,销售出库,-3,437,ORD000188
710,8,2025-08-28,销售出库,-1,603,ORD000189
711,11,2025-08-27,销售出库,-3,570,ORD000189
712,25,2025-08-27,销售出库,-3,285,ORD000189
713,20,2025-08-27,销售出库,-2,729,ORD000189
714,26,2025-08-21,销售出库,-2,588,ORD000190
715,16,2025-08-20,销售出库,-1,656,ORD000190
716,12,2025-08-21,销售出库,-3,680,ORD000190
717,22,2025-07-30,销售出库,-2,698,ORD000191
718,3,2025-07-30,销售出库,-3,457,ORD000191
719,10,2025-07-31,销售出库,-1,371,ORD000191
720,23,2025-07-30,销售出库,-1,642,ORD000191
721,3,2025-07-30,销售出库,-2,455,ORD000191
722,24,2025-08-04,销售出库,-2,286,ORD000192
723,11,2025-08-04,销售出库,-2,568,ORD000192
724,15,2025-09-14,销售出库,-2,262,ORD000193
725,25,2025-09-14,销售出库,-2,283,ORD000193
726,4,2025-09-15,销售出库,-1,394,ORD000193
727,18,2025-09-04,销售出库,-3,322,ORD000194
728,17,2025-09-04,销售出库,-2,435,ORD000194
729,4,2025-09-05,销售出库,-1,393,ORD000194
730,3,2025-09-05,销售出库,-2,453,ORD000194
731,28,2025-08-10,销售出库,-2,273,ORD000195
732,1,2025-08-10,销售出库,-2,389,ORD000195
733,14,2025-08-10,销售出库,-2,937,ORD000195
734,19,2025-08-11,销售出库,-3,655,ORD000196
735,6,2025-08-12,销售出库,-3,437,ORD000196
736,10,2025-09-01,销售出库,-2,369,ORD000197
737,16,2025-08-31,销售出库,-1,655,ORD000197
738,3,2025-08-31,销售出库,-1,452,ORD000197
739,16,2025-09-20,销售出库,-1,654,ORD000198
740,12,2025-09-20,销售出库,-2,678,ORD000198
741,8,2025-09-19,销售出库,-3,600,ORD000198
742,15,2025-09-05,销售出库,-1,261,ORD000199
743,5,2025-09-06,销售出库,-2,742,ORD000199
744,13,2025-08-05,销售出库,-2,339,ORD000200
745,15,2025-08-05,销售出库,-2,259,ORD000200
746,14,2025-08-04,销售出库,-3,934,ORD000200
747,20,2025-08-04,销售出库,-1,728,ORD000200
748,10,2025-08-04,销售出库,-2,367,ORD000200
749,13,2025-09-05,销售出库,-2,337,ORD000201
750,10,2025-09-04,销售出库,-3,364,ORD000201
751,13,2025-08-16,销售出库,-2,335,ORD000202
752,27,2025-08-16,销售出库,-2,543,ORD000202
753,12,2025-08-17,销售出库,-1,677,ORD000202
754,22,2025-08-08,销售出库,-3,695,ORD000203
755,1,2025-08-07,销售出库,-3,386,ORD000203
756,26,2025-09-21,销售出库,-2,586,ORD000204
757,27,2025-09-21,销售出库,-3,540,ORD000204
758,3,2025-09-22,销售出库,-2,450,ORD000204
759,22,2025-09-21,销售出库,-2,693,ORD000204
760,9,2025-09-21,销售出库,-3,427,ORD000205
761,5,2025-09-21,销售出库,-3,739,ORD000205
762,20,2025-08-14,销售出库,-2,726,ORD000206
763,19,2025-08-13,销售出库,-2,653,ORD000206
764,18,2025-08-14,销售出库,-3,319,ORD000206
765,30,2025-08-13,销售出库,-3,647,ORD000206
766,23,2025-08-01,销售出库,-3,639,ORD000207
767,20,2025-07-31,销售出库,-3,723,ORD000207
768,30,2025-08-01,销售出库,-1,646,ORD000207
769,6,2025-08-10,销售出库,-3,434,ORD000208
770,20,2025-08-09,销售出库,-1,722,ORD000208
771,19,2025-08-10,销售出库,-3,650,ORD000208
772,1,2025-09-14,销售出库,-1,385,ORD000209
773,18,2025-08-28,销售出库,-3,316,ORD000210
774,23,2025-08-27,销售出库,-3,636,ORD000210
775,8,2025-08-28,销售出库,-2,598,ORD000210
776,12,2025-08-27,销售出库,-2,675,ORD000210
777,15,2025-08-27,销售出库,-3,256,ORD000210
778,4,2025-09-18,销售出库,-2,391,ORD000211
779,14,2025-09-18,销售出库,-1,933,ORD000211
780,4,2025-09-19,销售出库,-3,388,ORD000211
781,5,2025-09-18,销售出库,-2,737,ORD000211
782,17,2025-09-13,销售出库,-2,433,ORD000212
783,12,2025-09-13,销售出库,-2,673,ORD000212
784,11,2025-09-21,销售出库,-1,567,ORD000213
785,10,2025-09-21,销售出库,-1,363,ORD000213
786,26,2025-09-20,销售出库,-3,583,ORD000213
787,4,2025-09-20,销售出库,-1,387,ORD000213
788,30,2025-09-02,销售出库,-3,643,ORD000214
789,8,2025-09-01,销售出库,-3,595,ORD000214
790,18,2025-08-07,销售出库,-2,314,ORD000215
791,15,2025-08-06,销售出库,-1,255,ORD000215
792,26,2025-08-07,销售出库,-2,581,ORD000215
793,13,2025-09-16,销售出库,-1,334,ORD000216
794,24,2025-09-16,销售出库,-3,283,ORD000216
795,29,2025-09-16,销售出库,-1,577,ORD000216
796,15,2025-09-16,销售出库,-3,252,ORD000216
797,7,2025-07-31,销售出库,-2,423,ORD000217
798,25,2025-08-01,销售出库,-3,280,ORD000217
799,6,2025-08-23,销售出库,-2,432,ORD000218
800,11,2025-08-23,销售出库,-1,566,ORD000218
801,15,2025-08-24,销售出库,-1,251,ORD000218
802,9,2025-08-23,销售出库,-3,424,ORD000218
803,28,2025-08-23,销售出库,-2,271,ORD000218
804,13,2025-09-28,销售出库,-3,331,ORD000219
805,4,2025-09-28,销售出库,-2,385,ORD000219
806,12,2025-09-28,销售出库,-2,671,ORD000219
807,20,2025-09-28,销售出库,-1,721,ORD000219
808,27,2025-09-28,销售出库,-3,537,ORD000219
809,22,2025-09-18,销售出库,-1,692,ORD000220
810,4,2025-09-23,销售出库,-1,384,ORD000221
811,12,2025-09-23,销售出库,-3,668,ORD000221
812,5,2025-09-24,销售出库,-3,734,ORD000221
813,19,2025-09-24,销售出库,-2,648,ORD000222
814,14,2025-09-24,销售出库,-1,932,ORD000222
815,18,2025-09-19,销售出库,-1,313,ORD000223
816,16,2025-09-19,销售出库,-2,652,ORD000223
817,20,2025-08-31,销售出库,-1,720,ORD000224
818,28,2025-09-01,销售出库,-2,269,ORD000224
819,1,2025-08-31,销售出库,-2,383,ORD000224
820,5,2025-09-01,销售出库,-1,733,ORD000224
821,14,2025-09-03,销售出库,-3,929,ORD000225
822,16,2025-09-02,销售出库,-2,650,ORD000225
823,23,2025-09-02,销售出库,-2,634,ORD000225
824,16,2025-09-03,销售出库,-1,649,ORD000225
825,10,2025-09-11,销售出库,-1,362,ORD000226
826,9,2025-09-12,销售出库,-1,423,ORD000226
827,19,2025-08-01,销售出库,-3,645,ORD000227
828,25,2025-07-31,销售出库,-2,278,ORD000227
829,18,2025-08-01,销售出库,-3,310,ORD000227
830,4,2025-07-31,销售出库,-3,381,ORD000227
831,27,2025-08-28,销售出库,-2,535,ORD000228
832,18,2025-08-28,销售出库,-1,309,ORD000228
833,25,2025-08-27,销售出库,-3,275,ORD000228
834,15,2025-08-28,销售出库,-3,248,ORD000228
835,7,2025-08-28,销售出库,-2,421,ORD000228
836,10,2025-08-27,销售出库,-1,361,ORD000229
837,15,2025-08-26,销售出库,-2,246,ORD000229
838,25,2025-08-02,销售出库,-1,274,ORD000230
839,28,2025-08-18,销售出库,-3,266,ORD000231
840,20,2025-08-18,销售出库,-3,717,ORD000231
841,14,2025-08-18,销售出库,-1,928,ORD000231
842,19,2025-09-28,销售出库,-2,643,ORD000232
843,11,2025-08-27,销售出库,-3,563,ORD000233
844,10,2025-08-28,销售出库,-2,359,ORD000233
845,5,2025-08-14,销售出库,-2,731,ORD000234
846,23,2025-08-10,销售出库,-1,633,ORD000235
847,8,2025-08-10,销售出库,-1,594,ORD000235
848,16,2025-08-19,销售出库,-1,648,ORD000236
849,19,2025-08-18,销售出库,-3,640,ORD000236
850,9,2025-08-18,销售出库,-3,420,ORD000236
851,14,2025-08-18,销售出库,-2,926,ORD000236
852,13,2025-08-26,销售出库,-3,328,ORD000237
853,16,2025-09-16,销售出库,-2,646,ORD000238
854,19,2025-09-17,销售出库,-1,639,ORD000238
855,28,2025-09-17,销售出库,-3,263,ORD000238
856,3,2025-09-16,销售出库,-3,447,ORD000238
857,28,2025-08-01,销售出库,-1,262,ORD000239
858,26,2025-08-01,销售出库,-3,578,ORD000239
859,13,2025-07-31,销售出库,-1,327,ORD000239
860,11,2025-08-29,销售出库,-2,561,ORD000240
861,11,2025-08-28,销售出库,-3,558,ORD000240
862,19,2025-08-29,销售出库,-1,638,ORD000240
863,2,2025-08-28,销售出库,-1,374,ORD000241
864,15,2025-09-23,销售出库,-2,244,ORD000242
865,1,2025-09-24,销售出库,-2,381,ORD000242
866,6,2025-09-01,销售出库,-2,430,ORD000243
867,3,2025-09-02,销售出库,-3,444,ORD000243
868,12,2025-09-01,销售出库,-2,666,ORD000243
869,2,2025-08-02,销售出库,-2,372,ORD000244
870,21,2025-08-03,销售出库,-2,795,ORD000244
871,23,2025-08-11,销售出库,-1,632,ORD000245
872,5,2025-09-02,销售出库,-3,728,ORD000246
873,1,2025-08-29,销售出库,-1,380,ORD000247
874,23,2025-08-29,销售出库,-2,630,ORD000247
875,27,2025-08-29,销售出库,-1,534,ORD000247
876,28,2025-08-28,销售出库,-2,260,ORD000247
877,13,2025-09-16,销售出库,-1,326,ORD000248
878,24,2025-09-16,销售出库,-1,282,ORD000248
879,5,2025-08-31,销售出库,-2,726,ORD000249
880,25,2025-08-31,销售出库,-1,273,ORD000249
881,21,2025-08-31,销售出库,-3,792,ORD000249
882,1,2025-09-07,销售出库,-3,377,ORD000250
883,21,2025-09-07,销售出库,-1,791,ORD000250
884,15,2025-09-07,销售出库,-2,242,ORD000250
885,24,2025-09-06,销售出库,-1,281,ORD000250
886,21,2025-09-06,销售出库,-3,788,ORD000250
887,28,2025-09-07,销售出库,-1,259,ORD000251
888,3,2025-09-06,销售出库,-1,443,ORD000251
889,5,2025-09-06,销售出库,-1,725,ORD000251
890,19,2025-09-07,销售出库,-3,635,ORD000251
891,26,2025-08-06,销售出库,-1,577,ORD000252
892,8,2025-08-06,销售出库,-2,592,ORD000252
893,21,2025-08-05,销售出库,-1,787,ORD000252
894,24,2025-08-20,销售出库,-3,278,ORD000253
895,10,2025-08-20,销售出库,-3,356,ORD000253
896,1,2025-08-20,销售出库,-3,374,ORD000253
897,29,2025-08-20,销售出库,-2,575,ORD000253
898,7,2025-08-20,销售出库,-3,418,ORD000253
899,21,2025-09-27,销售出库,-1,786,ORD000254
900,26,2025-09-28,销售出库,-1,576,ORD000254
901,16,2025-09-28,销售出库,-2,644,ORD000254
902,3,2025-09-24,销售出库,-3,440,ORD000255
903,29,2025-09-25,销售出库,-1,574,ORD000255
904,12,2025-09-25,销售出库,-2,664,ORD000255
905,5,2025-09-25,销售出库,-2,723,ORD000255
906,28,2025-09-24,销售出库,-3,256,ORD000255
907,25,2025-09-08,销售出库,-2,271,ORD000256
908,25,2025-09-09,销售出库,-1,270,ORD000256
909,9,2025-09-23,销售出库,-1,419,ORD000257
910,10,2025-08-17,销售出库,-3,353,ORD000258
911,23,2025-08-16,销售出库,-3,627,ORD000258
912,25,2025-08-17,销售出库,-2,268,ORD000258
913,14,2025-08-17,销售出库,-3,923,ORD000258
914,13,2025-08-16,销售出库,-1,325,ORD000258
915,3,2025-08-31,销售出库,-3,437,ORD000259
916,30,2025-08-31,销售出库,-1,642,ORD000259
917,26,2025-08-30,销售出库,-1,575,ORD000259
918,10,2025-08-24,销售出库,-3,350,ORD000260
919,8,2025-08-25,销售出库,-1,591,ORD000261
920,20,2025-09-12,销售出库,-1,716,ORD000262
921,10,2025-09-13,销售出库,-3,347,ORD000262
922,24,2025-09-13,销售出库,-3,275,ORD000262
923,24,2025-09-13,销售出库,-1,274,ORD000262
924,4,2025-09-12,销售出库,-1,380,ORD000262
925,16,2025-08-20,销售出库,-2,642,ORD000263
926,17,2025-08-20,销售出库,-3,430,ORD000263
927,24,2025-08-18,销售出库,-2,272,ORD000264
928,24,2025-08-19,销售出库,-1,271,ORD000264
929,17,2025-09-02,销售出库,-1,429,ORD000265
930,9,2025-09-02,销售出库,-3,416,ORD000265
931,19,2025-09-01,销售出库,-3,632,ORD000265
932,12,2025-09-28,销售出库,-1,663,ORD000266
933,16,2025-09-27,销售出库,-3,639,ORD000266
934,6,2025-09-28,销售出库,-2,428,ORD000266
935,6,2025-09-28,销售出库,-2,426,ORD000266
936,25,2025-09-28,销售出库,-1,267,ORD000266
937,1,2025-08-29,销售出库,-1,373,ORD000267
938,28,2025-08-30,销售出库,-1,255,ORD000267
939,8,2025-08-30,销售出库,-1,590,ORD000267
940,16,2025-08-30,销售出库,-2,637,ORD000267
941,13,2025-08-29,销售出库,-1,324,ORD000267
942,8,2025-08-31,销售出库,-2,588,ORD000268
943,8,2025-08-30,销售出库,-2,586,ORD000268
944,30,2025-08-31,销售出库,-3,639,ORD000268
945,11,2025-08-30,销售出库,-2,556,ORD000268
946,17,2025-09-11,销售出库,-3,426,ORD000269
947,2,2025-09-05,销售出库,-2,370,ORD000270
948,3,2025-09-05,销售出库,-2,435,ORD000270
949,28,2025-09-05,销售出库,-2,253,ORD000270
950,25,2025-09-05,销售出库,-2,265,ORD000270
951,11,2025-09-06,销售出库,-1,555,ORD000270
952,10,2025-08-06,销售出库,-3,344,ORD000271
953,26,2025-08-05,销售出库,-2,573,ORD000271
954,16,2025-08-19,销售出库,-1,636,ORD000272
955,24,2025-08-19,销售出库,-3,268,ORD000272
956,25,2025-08-18,销售出库,-1,264,ORD000272
957,5,2025-08-19,销售出库,-1,722,ORD000272
958,30,2025-08-19,销售出库,-2,637,ORD000272
959,21,2025-08-27,销售出库,-3,783,ORD000273
960,29,2025-08-27,销售出库,-1,573,ORD000273
961,11,2025-08-26,销售出库,-1,554,ORD000273
962,4,2025-09-07,销售出库,-1,379,ORD000274
963,17,2025-09-07,销售出库,-1,425,ORD000274
964,14,2025-09-07,销售出库,-2,921,ORD000274
965,3,2025-08-03,销售出库,-1,434,ORD000275
966,30,2025-08-04,销售出库,-1,636,ORD000275
967,29,2025-08-04,销售出库,-3,570,ORD000275
968,24,2025-09-02,销售出库,-1,267,ORD000276
969,19,2025-09-03,销售出库,-1,631,ORD000276
970,17,2025-09-02,销售出库,-1,424,ORD000276
971,21,2025-09-02,销售出库,-2,781,ORD000276
972,14,2025-08-17,销售出库,-3,918,ORD000277
973,28,2025-09-02,销售出库,-2,251,ORD000278
974,30,2025-09-01,销售出库,-2,634,ORD000278
975,23,2025-09-02,销售出库,-3,624,ORD000278
976,8,2025-08-27,销售出库,-1,585,ORD000279
977,7,2025-08-27,销售出库,-1,417,ORD000279
978,25,2025-08-27,销售出库,-3,261,ORD000279
979,15,2025-09-08,销售出库,-2,240,ORD000280
980,11,2025-09-08,销售出库,-2,552,ORD000280
981,15,2025-08-17,销售出库,-2,238,ORD000281
982,15,2025-08-17,销售出库,-2,236,ORD000281
983,27,2025-08-14,销售出库,-3,531,ORD000282
984,23,2025-08-14,销售出库,-3,621,ORD000282
985,2,2025-08-15,销售出库,-1,369,ORD000282
986,12,2025-08-26,销售出库,-2,661,ORD000283
987,17,2025-08-25,销售出库,-1,423,ORD000283
988,13,2025-09-06,销售出库,-2,322,ORD000284
989,26,2025-09-26,销售出库,-1,572,ORD000285
990,5,2025-08-02,销售出库,-1,721,ORD000286
991,27,2025-08-02,销售出库,-2,529,ORD000286
992,19,2025-08-14,销售出库,-3,628,ORD000287
993,7,2025-09-07,销售出库,-3,414,ORD000288
994,4,2025-09-13,销售出库,-1,378,ORD000289
995,15,2025-09-14,销售出库,-1,235,ORD000289
996,6,2025-09-14,销售出库,-3,423,ORD000289
997,1,2025-08-23,销售出库,-2,371,ORD000290
998,22,2025-08-22,销售出库,-2,690,ORD000290
999,6,2025-08-22,销售出库,-2,421,ORD000290
1000,7,2025-08-23,销售出库,-1,413,ORD000290
1001,2,2025-09-06,销售出库,-3,366,ORD000291
1002,20,2025-09-05,销售出库,-3,713,ORD000291
1003,14,2025-08-19,销售出库,-3,915,ORD000292
1004,16,2025-08-19,销售出库,-1,635,ORD000292
1005,3,2025-08-19,销售出库,-2,432,ORD000292
1006,13,2025-08-19,销售出库,-1,321,ORD000292
1007,8,2025-08-15,销售出库,-3,582,ORD000293
1008,26,2025-08-14,销售出库,-3,569,ORD000293
1009,26,2025-08-14,销售出库,-1,568,ORD000293
1010,13,2025-08-15,销售出库,-3,318,ORD000293
1011,12,2025-08-15,销售出库,-2,659,ORD000293
1012,11,2025-08-13,销售出库,-2,550,ORD000294
1013,9,2025-08-12,销售出库,-1,415,ORD000294
1014,1,2025-08-13,销售出库,-2,369,ORD000294
1015,20,2025-08-12,销售出库,-1,712,ORD000294
1016,1,2025-08-13,销售出库,-2,367,ORD000294
1017,25,2025-08-30,销售出库,-3,258,ORD000295
1018,8,2025-08-29,销售出库,-1,581,ORD000295
1019,4,2025-08-30,销售出库,-1,377,ORD000295
1020,25,2025-09-24,销售出库,-1,257,ORD000296
1021,8,2025-08-16,销售出库,-3,578,ORD000297
1022,11,2025-08-15,销售出库,-3,547,ORD000297
1023,19,2025-08-14,销售出库,-3,625,ORD000298
1024,5,2025-08-14,销售出库,-3,718,ORD000298
1025,7,2025-08-15,销售出库,-2,411,ORD000298
1026,3,2025-08-26,销售出库,-1,431,ORD000299
1027,17,2025-09-12,销售出库,-2,421,ORD000300
451,13,2025-09-12,库存调整,-10,308,ADJ000001
452,13,2025-08-31,库存调整,5,313,ADJ000002
453,23,2025-09-17,库存调整,-5,616,ADJ000003
454,2,2025-09-01,库存调整,10,376,ADJ000004
455,30,2025-09-08,库存调整,5,639,ADJ000005
456,29,2025-09-15,库存调整,5,575,ADJ000006
457,1,2025-09-22,库存调整,5,372,ADJ000007
458,27,2025-09-08,库存调整,5,534,ADJ000008
459,10,2025-09-09,库存调整,5,349,ADJ000009
460,27,2025-08-03,库存调整,10,544,ADJ000010
461,28,2025-08-14,库存调整,-10,241,ADJ000011
462,28,2025-08-07,库存调整,-5,236,ADJ000012
463,5,2025-08-05,库存调整,5,723,ADJ000013
464,24,2025-08-14,库存调整,10,277,ADJ000014
465,25,2025-08-30,库存调整,5,262,ADJ000015
466,9,2025-09-15,库存调整,10,425,ADJ000016
467,20,2025-08-16,库存调整,-10,702,ADJ000017
468,7,2025-07-31,库存调整,10,421,ADJ000018
469,7,2025-08-14,库存调整,10,431,ADJ000019
470,24,2025-08-10,库存调整,10,287,ADJ000020
471,25,2025-09-15,库存调整,15,277,ADJ000021
472,28,2025-08-04,库存调整,5,241,ADJ000022
473,27,2025-09-06,库存调整,-10,534,ADJ000023
474,17,2025-09-10,库存调整,-5,416,ADJ000024
475,3,2025-09-26,库存调整,5,436,ADJ000025
476,23,2025-08-25,库存调整,15,631,ADJ000026
477,13,2025-09-07,库存调整,-5,308,ADJ000027
478,25,2025-09-22,库存调整,15,292,ADJ000028
479,29,2025-08-11,库存调整,15,590,ADJ000029
480,1,2025-08-22,库存调整,-5,367,ADJ000030
481,7,2025-08-25,库存调整,-5,426,ADJ000031
482,27,2025-08-30,库存调整,-10,524,ADJ000032
483,8,2025-09-08,库存调整,-10,568,ADJ000033
484,15,2025-08-19,库存调整,-10,225,ADJ000034
485,30,2025-08-26,库存调整,5,644,ADJ000035
486,23,2025-08-11,库存调整,-5,626,ADJ000036
487,9,2025-09-18,库存调整,5,430,ADJ000037
488,27,2025-09-18,库存调整,10,534,ADJ000038
489,17,2025-08-22,库存调整,10,426,ADJ000039
490,21,2025-08-09,库存调整,-10,771,ADJ000040
491,22,2025-08-06,库存调整,-10,680,ADJ000041
492,8,2025-09-24,库存调整,5,573,ADJ000042
493,16,2025-08-17,库存调整,15,650,ADJ000043
494,15,2025-08-29,库存调整,-5,220,ADJ000044
495,28,2025-08-16,库存调整,10,251,ADJ000045
496,19,2025-09-23,库存调整,15,640,ADJ000046
497,12,2025-09-20,库存调整,5,664,ADJ000047
498,6,2025-08-03,库存调整,5,426,ADJ000048
499,24,2025-08-25,库存调整,-10,277,ADJ000049
500,10,2025-09-17,库存调整,-10,339,ADJ000050
